total_agg,avg_train_loss,avg_train_acc,test_loss,test_acc,time
0,0.000000,0.000000,2.303519,0.105600,33.630
0,0.000000,0.000000,2.303519,0.105600,50.059
5,1.646802,0.420808,2.301401,0.117600,68.212
5,0.000000,0.000000,2.301401,0.117600,81.264
5,0.000000,0.000000,2.301401,0.117600,94.959
