client_id,local_train_loss,local_train_acc,local_test_loss,local_test_acc,total_agg
3,1.897461,0.416491,4.211181,0.100000,0
2,1.563677,0.427975,11.171280,0.100700,1
0,1.739521,0.380595,6.184252,0.100000,2
1,1.561023,0.518070,2.554769,0.100000,3
4,1.597633,0.356583,6.515810,0.141900,4
