total_agg,avg_train_loss,avg_train_acc,test_loss,test_acc,time
5,2.582040926324618,0.17810716550412176,2.2279601123809814,0.158,1764909843.6610777
10,3.895128377797714,0.09876347495244134,2.302842169189453,0.1,1764910699.7730668
15,2.3114926122228177,0.10653138871274571,2.300587449264526,0.1004,1764913258.3812432
