total_agg,avg_train_loss,avg_train_acc,test_loss,test_acc,time
5,2.106820067230897,0.22621809744779584,2.2863457553863524,0.1242,1764897970.004357
10,2.0593007730918966,0.25745366639806605,2.227229977798462,0.1942,1764898573.7269344
